{
  "carvers": {
    "air": [],
    "liquid": []
  },
  "downfall": 0.5,
  "effects": {
    "ambient_sound": "betterend:betterend.ambient.umbrella_jungle",
    "fog_color": -11018275,
    "foliage_color": -14960702,
    "mood_sound": {
      "block_search_extent": 8,
      "offset": 2.0,
      "sound": "betterend:betterend.ambient.dust_wastelands",
      "tick_delay": 6000
    },
    "music": {
      "max_delay": 2400,
      "min_delay": 600,
      "replace_current_music": true,
      "sound": "betterend:betterend.music.forest"
    },
    "particle": {
      "options": {
        "type": "betterend:jungle_spore"
      },
      "probability": 0.001
    },
    "sky_color": 0,
    "water_color": -8927491,
    "water_fog_color": -8927491
  },
  "features": [
    [
      "betterend:round_cave",
      "betterend:tunel_cave"
    ],
    [
      "betterend:end_lake"
    ],
    [],
    [],
    [
      "betterend:crashed_ship",
      "betterend:umbrella_jungle_structures",
      "minecraft:end_gateway_return"
    ],
    [],
    [
      "betterend:thallasium_ore",
      "betterend:ender_ore"
    ],
    [],
    [],
    [
      "betterend:umbrella_tree",
      "betterend:jellyshroom",
      "betterend:twisted_umbrella_moss",
      "betterend:small_jellyshroom_floor",
      "betterend:jungle_grass",
      "betterend:cyan_moss_wood",
      "betterend:jungle_fern_wood",
      "betterend:small_jellyshroom_wall",
      "betterend:small_jellyshroom_wood",
      "betterend:small_jellyshroom_ceil",
      "betterend:jungle_vine",
      "betterend:charnia_cyan",
      "betterend:charnia_green",
      "betterend:charnia_light_blue",
      "betterend:charnia_red_rare"
    ]
  ],
  "has_precipitation": false,
  "spawn_costs": {},
  "spawners": {
    "ambient": [],
    "axolotls": [],
    "creature": [],
    "misc": [],
    "monster": [
      {
        "type": "minecraft:enderman",
        "maxCount": 2,
        "minCount": 1,
        "weight": 50
      }
    ],
    "underground_water_creature": [],
    "water_ambient": [],
    "water_creature": []
  },
  "temperature": 0.5
}