{
  "structures": [
    {
      "structure": "ae2:meteorite",
      "weight": 3
    },
    {
      "structure": "dungeons_arise:bandit_towers",
      "weight": 1
    },
    {
      "structure": "dungeons_arise:thornborn_towers",
      "weight": 1
    },
    {
      "structure": "dungeons_arise:shiraz_palace",
      "weight": 1
    },
    {
      "structure": "dungeons_arise:heavenly_challenger",
      "weight": 1
    },
    {
      "structure": "dungeons_arise:mechanical_nest",
      "weight": 1
    },
    {
      "structure": "dungeons_arise:keep_kayra",
      "weight": 1
    },
    {
      "structure": "dungeons_arise:infested_temple",
      "weight": 1
    }
  ],
  "placement": {
    "salt": 88571663,
    "spacing": 96,
    "separation": 69,
    "type": "minecraft:random_spread"
  }
}
