{
  "structures": [
    {
      "structure": "dungeons_arise:fishing_hut",
      "weight": 3
    },
    {
      "structure": "dungeons_arise:ceryneian_hind",
      "weight": 1
    },
    {
      "structure": "dungeons_arise:typhon",
      "weight": 1
    },
    {
      "structure": "dungeons_arise:illager_corsair",
      "weight": 2
    },
    {
      "structure": "dungeons_arise:illager_galley",
      "weight": 2
    },
    {
      "structure": "dungeons_arise:undead_pirate_ship",
      "weight": 1
    },
    {
      "structure": "dungeons_arise:plague_asylum",
      "weight": 1
    },
    {
      "structure": "dungeons_arise:aviary",
      "weight": 1
    }
  ],
  "placement": {
    "salt": 88571663,
    "spacing": 32,
    "separation": 24,
    "type": "minecraft:random_spread"
  }
}
